Word (Visual),StrengthMean,ALL,1820,1830,1840,1850,1860,1870,1880,1890,1900,1910,1920,1930,1940,1950,1960,1970,1980,1990,2000,2010
bright,5.000,124.050,129.200,166.510,181.560,202.770,152.570,144.500,144.360,136.680,92.190,80.680,78.440,87.700,94.710,88.310,76.090,78.010,74.870,93.270,93.960,93.650
purple,5.000,27.720,12.600,19.180,31.760,33.440,28.100,26.290,21.030,28.390,30.850,21.470,20.970,22.230,19.120,17.650,20.360,19.460,17.790,25.640,28.200,27.470
spotless,5.000,3.610,6.300,5.980,7.780,5.560,5.250,5.640,4.140,4.550,2.550,3.250,2.260,2.170,1.970,2.300,1.720,1.530,2.080,1.870,2.470,2.200
ugly,5.000,31.860,11.460,11.820,18.600,16.750,22.440,25.280,25.120,22.470,26.710,27.700,27.550,23.890,27.120,29.940,32.000,29.550,31.150,36.950,34.690,26.180
chubby,4.952,2.870,1.150,0.880,1.010,1.870,1.480,2.180,2.140,1.570,1.320,2.080,1.710,1.620,2.190,2.130,2.060,2.910,3.010,2.870,5.400,4.230
green,4.952,163.270,73.620,132.450,179.480,149.250,126.710,110.600,109.730,117.590,121.940,141.410,126.890,136.890,143.140,129.090,119.770,119.980,121.470,163.710,195.140,176.150
handsome,4.952,54.800,40.820,50.180,58.960,71.180,67.370,80.740,80.230,61.240,61.750,40.560,40.230,37.530,43.470,45.740,39.520,36.110,36.280,30.620,39.260,30.070
pale,4.952,76.690,110.870,97.730,141.900,129.960,100.320,112.680,95.830,81.900,73.670,57.090,48.440,51.390,50.690,44.170,43.020,40.030,42.480,51.070,51.350,48.600
shiny,4.952,11.410,0.430,0.360,0.890,0.850,1.950,2.020,2.540,1.470,12.190,5.280,8.020,9.490,10.400,10.540,10.440,12.000,11.990,18.340,20.820,18.250
short,4.952,218.860,260.410,244.540,223.510,212.630,207.540,205.390,198.280,204.140,207.310,198.930,202.330,186.260,179.310,167.370,164.720,165.040,156.780,162.330,170.240,172.910
sunny,4.952,20.890,8.880,23.920,25.050,29.450,26.980,22.780,19.780,18.990,16.700,16.580,33.460,12.490,13.280,10.820,9.850,12.140,15.110,13.090,17.690,21.150
steep,4.952,20.380,22.490,18.520,25.940,26.060,21.080,20.650,17.840,22.130,23.070,15.450,16.380,15.120,14.960,13.780,12.500,12.730,15.210,16.980,19.330,14.580
small,4.952,443.220,271.580,322.800,370.970,356.190,291.680,328.340,340.800,352.920,360.460,361.340,384.080,410.210,412.890,398.060,391.650,382.040,382.630,412.010,418.100,394.410
huge,4.950,80.150,25.640,45.510,61.110,41.490,42.040,42.690,38.020,45.140,50.730,55.920,60.540,71.460,68.910,66.710,66.480,71.520,88.400,101.810,104.250,96.550
khaki,4.950,3.410,0.000,0.000,0.000,0.000,0.000,0.000,0.000,0.050,2.090,5.890,5.530,3.900,5.110,4.570,2.990,3.260,3.380,3.890,4.590,2.960
gorgeous,4.905,14.520,7.310,18.450,24.480,19.780,13.880,14.580,11.110,10.670,11.190,9.130,17.310,9.920,4.420,6.350,6.490,8.500,9.920,13.330,19.070,16.780
dazzling,4.905,9.070,11.030,14.510,15.370,11.130,8.270,11.760,9.420,9.300,8.460,7.490,6.340,4.550,5.220,6.730,5.700,6.170,9.750,6.430,6.490,4.880
skinny,4.905,9.170,0.570,1.240,1.010,1.630,1.540,1.220,0.600,0.730,2.050,3.200,3.580,6.790,9.640,7.500,10.130,9.890,9.310,16.020,18.490,18.640
patterned,4.905,2.140,0.000,0.360,0.060,0.240,0.300,0.370,0.450,0.540,0.460,1.040,1.670,2.420,2.370,3.070,2.230,2.710,3.080,3.290,2.610,2.590
straight,4.905,116.790,25.210,37.270,38.340,45.360,54.910,66.690,74.000,86.550,120.940,118.340,120.780,104.160,114.750,110.780,110.430,112.490,108.400,117.290,124.810,118.240
tall,4.905,85.130,31.510,54.770,81.550,67.850,62.060,62.590,70.010,76.520,73.350,68.260,68.250,73.340,77.450,71.560,71.490,71.350,70.210,72.460,95.770,78.440
yellow,4.900,79.430,22.350,33.480,69.780,72.330,43.280,49.070,53.420,63.790,80.810,70.120,80.270,85.680,73.870,70.200,67.030,59.870,58.860,82.630,79.750,67.890
colossal,4.875,5.600,3.290,4.590,7.020,6.350,7.320,6.440,6.780,5.340,6.780,6.710,6.890,7.290,6.310,3.940,2.580,3.640,2.340,1.990,2.610,2.790
broken,4.857,116.760,147.960,126.980,130.130,123.130,117.020,120.820,119.400,123.510,115.850,110.760,112.220,91.890,95.770,84.610,83.030,79.330,77.950,79.130,84.060,86.930
falling,4.857,59.920,51.420,50.250,56.750,57.150,59.580,55.940,49.830,49.840,51.190,45.540,53.970,52.980,46.420,42.810,42.850,45.750,50.680,55.570,56.950,52.550
big,4.857,394.580,22.630,34.280,47.890,48.080,72.800,87.230,144.070,163.560,254.310,352.850,369.720,386.820,452.670,476.460,431.520,425.890,417.770,494.130,519.360,471.560
large,4.857,356.900,271.150,368.820,403.620,452.160,376.820,373.630,398.410,411.710,363.280,344.330,349.060,319.870,283.030,232.720,235.280,247.770,246.420,243.050,234.740,229.940
melted,4.857,13.190,11.890,19.620,12.720,16.270,13.400,12.450,13.160,9.500,11.280,10.000,9.220,8.590,7.700,9.630,8.380,7.080,9.610,12.160,12.750,16.300
narrow,4.857,69.580,61.590,70.600,87.300,78.800,72.270,67.700,64.630,72.210,70.440,65.750,64.430,58.760,59.200,49.820,47.250,51.160,47.670,49.960,54.220,45.410
filthy,4.857,9.560,4.580,6.420,7.090,5.560,5.020,5.690,3.890,4.700,3.190,4.590,4.940,8.700,9.600,9.280,14.460,13.040,11.420,9.860,10.250,8.120
dirty,4.810,42.550,9.020,12.760,15.500,16.810,19.480,17.990,16.200,17.480,19.700,31.080,35.560,52.040,50.510,52.090,54.050,50.750,41.440,41.840,45.690,41.940
wide,4.810,116.280,81.360,80.300,105.840,107.890,96.120,92.290,104.300,107.210,115.670,111.200,115.100,107.370,107.080,93.920,90.930,82.280,86.530,92.700,102.900,95.760
glossy,4.810,6.050,6.160,8.170,12.210,12.090,6.730,5.960,4.340,4.700,3.000,2.730,3.230,3.180,3.250,2.720,2.640,3.680,4.490,6.790,7.350,6.460
transparent,4.810,10.050,16.620,13.860,16.320,14.880,10.860,13.470,8.820,6.610,6.100,5.240,6.070,7.470,5.330,6.280,8.720,7.350,6.530,9.620,6.920,9.760
blonde,4.810,11.790,0.000,1.090,1.140,1.030,3.010,5.480,5.530,3.520,4.230,3.680,6.930,17.540,17.450,17.580,15.620,11.620,9.880,10.770,17.400,14.550
colorful,4.810,7.520,0.000,0.000,0.000,0.000,0.000,0.050,0.100,0.000,0.410,1.170,5.490,5.740,7.630,7.850,8.030,8.010,10.020,13.120,15.910,14.670
floral,4.810,3.630,0.000,0.950,2.910,2.240,2.240,2.770,2.190,2.500,3.500,1.860,2.840,2.740,2.040,1.570,1.790,2.120,2.680,4.370,6.890,6.850
rectangular,4.810,3.260,1.150,1.310,0.950,1.510,0.530,1.220,1.400,1.370,1.960,2.210,2.530,2.090,2.770,3.420,3.910,3.020,3.950,5.040,3.730,4.460
brunette,4.800,2.810,0.720,1.090,1.270,1.390,1.770,2.870,1.790,0.980,0.960,1.130,1.400,3.610,3.360,4.120,2.820,2.290,1.510,1.510,4.450,4.030
cute,4.762,15.200,0.860,2.260,0.890,0.850,1.300,1.540,1.200,1.170,1.770,4.070,2.920,10.830,9.930,14.100,15.830,20.430,24.960,27.210,31.760,28.400
elegant,4.762,22.320,35.520,38.510,35.240,41.790,31.650,29.220,23.070,16.160,11.380,8.140,7.780,9.640,11.240,12.840,12.570,16.090,20.900,19.730,24.150,17.150
open,4.762,345.140,212.570,217.340,247.170,257.010,237.830,261.970,262.370,282.030,296.760,295.980,281.860,300.600,292.890,282.650,303.610,308.990,295.030,328.480,345.070,357.150
flickering,4.762,6.460,1.860,5.110,6.140,5.440,5.080,5.640,6.530,4.990,3.780,5.540,4.510,4.150,5.000,5.130,4.880,5.130,5.460,7.870,6.950,6.740
enormous,4.762,42.850,21.340,27.060,31.950,26.730,34.130,42.150,38.520,36.370,37.220,41.770,35.210,40.170,38.290,33.290,34.440,43.360,42.310,39.010,39.140,28.970
blue,4.762,176.940,82.360,87.230,120.330,129.290,140.640,133.430,134.200,132.520,148.340,139.160,159.880,160.530,153.650,149.020,141.500,146.000,139.460,183.990,197.920,185.150
shimmering,4.762,4.400,0.140,0.000,0.380,0.600,2.010,1.540,2.490,2.990,3.000,4.290,5.210,3.140,3.800,3.420,3.500,4.270,5.490,5.880,6.550,5.360
long,4.762,960.150,760.310,769.660,817.170,866.840,896.820,891.500,891.300,901.660,890.510,887.370,849.170,857.660,903.440,853.380,796.600,772.900,719.760,735.340,738.470,721.330
scrawny,4.762,1.830,0.000,0.150,0.060,0.060,0.180,0.110,0.200,0.390,0.410,0.780,1.170,2.530,1.860,2.270,1.920,2.390,2.610,2.230,3.360,2.400
compact,4.762,15.200,25.350,39.890,32.710,22.500,28.640,13.520,13.500,11.260,9.740,10.690,12.220,7.980,6.860,7.640,8.280,9.540,8.910,11.070,9.740,11.680
grey,4.762,23.810,19.910,18.600,29.290,16.630,47.940,46.310,13.260,24.380,20.290,28.130,24.440,28.690,28.650,14.370,11.300,15.090,9.210,11.830,11.830,14.270
foggy,4.762,2.720,0.000,0.880,1.710,1.870,1.890,2.500,2.090,1.420,0.680,1.640,2.410,2.380,2.340,2.200,3.160,2.460,3.120,3.110,3.100,2.960
circular,4.762,11.870,10.740,14.440,14.170,9.620,10.570,11.120,12.010,14.740,12.650,9.260,10.780,10.000,9.850,7.330,9.820,9.470,8.940,8.450,8.270,8.550
curly,4.762,9.020,0.860,1.090,2.150,4.410,5.250,5.540,4.240,5.140,8.240,7.270,6.420,19.890,15.880,6.350,6.280,7.320,4.860,7.360,10.420,8.830
empty,4.750,81.940,24.640,25.450,28.780,35.740,40.450,45.560,44.400,48.860,56.600,57.220,59.030,70.920,86.750,81.120,85.360,88.420,81.910,94.300,95.460,98.980
gigantic,4.714,14.080,7.880,17.580,23.150,20.920,19.310,16.820,14.700,12.880,13.290,15.450,14.860,14.040,14.160,10.400,8.140,8.150,7.670,7.330,6.920,5.670
bloody,4.714,29.920,41.680,42.370,46.620,31.270,28.100,22.890,14.250,18.650,11.190,13.370,17.120,15.050,25.880,19.220,24.140,35.480,34.640,25.970,33.170,27.420
misty,4.714,6.020,4.580,7.070,8.670,8.890,8.030,6.970,7.380,6.120,5.550,6.490,6.300,5.050,4.010,4.540,3.190,3.850,3.720,3.440,3.190,3.720
speckled,4.714,2.080,1.150,1.310,1.960,2.060,2.010,2.180,2.490,1.810,1.180,1.430,1.750,0.830,1.310,1.780,1.100,1.280,1.840,2.380,2.410,2.480
shadowy,4.714,10.590,12.750,14.290,20.050,14.150,15.940,11.600,17.440,14.290,8.460,10.170,9.730,6.240,8.030,5.970,5.120,6.450,6.470,5.220,6.520,4.510
red,4.714,245.570,103.990,113.410,174.860,157.720,141.230,150.940,173.720,169.340,197.700,209.580,237.120,238.740,253.140,239.730,212.890,192.270,205.990,241.330,263.080,250.330
cloudy,4.714,5.650,5.300,6.560,7.780,11.730,6.140,5.640,4.980,5.290,4.550,4.890,4.240,4.480,3.540,3.040,2.990,3.540,4.150,4.250,5.200,4.570
brown,4.714,137.540,62.310,71.040,75.850,64.770,133.680,126.670,116.460,99.720,123.580,118.730,135.210,105.570,137.230,95.150,106.380,118.280,105.560,138.250,161.850,134.910
creased,4.700,2.320,0.720,0.360,0.130,0.480,0.940,0.430,0.500,0.980,1.500,1.470,1.830,2.270,2.450,2.580,2.610,2.710,2.680,2.350,3.070,3.670
reddish,4.700,4.010,1.860,2.410,3.350,4.230,2.180,2.340,1.940,3.130,3.690,2.680,3.500,5.090,3.650,3.000,3.570,3.400,4.390,3.920,3.450,3.580
conical,4.692,1.940,1.580,3.140,3.990,7.080,1.770,1.600,2.640,2.010,1.680,1.130,1.170,1.910,1.020,0.840,1.340,1.080,0.970,1.210,0.980,0.710
translucent,4.684,2.720,0.140,0.660,0.570,0.850,1.300,0.900,1.300,2.060,1.090,1.300,1.090,2.270,1.680,1.430,1.720,2.190,2.880,5.070,5.140,5.160
glamorous,4.667,3.060,0.000,0.000,0.000,0.060,0.000,0.000,0.000,0.050,0.000,0.350,1.250,3.500,3.030,4.330,3.740,3.120,5.090,5.160,6.030,4.540
glittery,4.667,0.380,0.000,0.000,0.000,0.000,0.000,0.000,0.000,0.000,0.050,0.040,0.080,0.140,0.220,0.210,0.070,0.240,0.540,0.900,1.060,1.210
spotted,4.667,14.890,3.010,2.840,6.960,6.530,4.490,4.150,4.390,5.140,5.320,5.630,5.720,7.580,12.990,14.410,17.650,16.580,17.020,21.510,24.070,27.700
polished,4.667,17.180,19.190,18.450,22.140,20.320,15.710,16.500,13.450,15.910,15.200,12.030,12.220,15.560,13.910,15.110,11.740,11.200,12.900,13.700,16.020,13.540
little,4.667,1359.890,900.540,1021.350,1010.750,1319.730,1341.890,1471.270,1495.080,1421.570,1457.010,1518.020,1335.740,1299.490,1244.060,1128.670,1066.250,974.980,930.770,963.820,909.170,813.420
grubby,4.667,1.010,0.000,0.000,0.000,0.000,0.000,0.000,0.000,0.100,0.180,0.130,0.740,0.610,1.200,1.330,1.480,1.600,1.510,1.330,1.750,1.550
rippling,4.632,3.830,4.580,3.650,4.050,5.380,4.550,3.090,5.230,5.140,3.190,3.590,3.540,2.240,1.930,1.710,2.230,1.770,3.080,3.620,3.680,3.020
crashing,4.619,7.990,0.570,2.770,3.990,3.270,4.720,3.410,2.990,4.800,5.370,6.320,9.180,8.950,5.990,5.790,8.170,7.420,7.440,8.900,10.280,10.460
crowded,4.619,40.500,31.800,39.160,41.250,41.910,36.840,39.920,35.480,42.350,42.680,38.780,37.980,37.970,40.910,36.150,29.770,34.580,28.370,26.820,26.620,22.590
beautiful,4.619,206.470,226.600,254.020,312.140,303.460,218.880,238.660,212.540,221.960,201.480,170.410,151.590,141.220,138.610,131.820,147.170,144.230,138.690,153.400,153.780,136.490
crinkled,4.619,1.080,0.000,0.150,0.000,0.120,0.060,0.270,0.200,0.150,0.270,0.690,1.280,1.150,1.200,1.470,1.100,0.870,1.110,1.690,1.460,1.750
tiny,4.619,63.890,3.150,6.270,7.530,13.730,14.470,16.290,20.830,34.420,45.180,48.820,49.420,50.060,54.890,53.660,62.870,59.730,73.060,95.960,103.210,96.470
clean,4.619,83.220,15.610,28.520,27.460,31.200,37.790,38.750,45.350,43.620,61.790,73.370,69.690,77.520,78.070,78.920,77.600,92.540,82.040,102.810,100.310,96.270
blotchy,4.619,0.300,0.000,0.000,0.000,0.000,0.000,0.050,0.000,0.000,0.090,0.040,0.040,0.140,0.150,0.100,0.210,0.450,0.370,0.570,0.690,0.900
fat,4.619,68.240,19.190,27.640,28.150,24.920,39.320,26.130,44.350,23.060,37.950,51.160,46.260,58.500,67.410,59.560,65.000,67.080,61.070,92.640,106.340,83.070
triangular,4.619,2.980,3.440,2.260,2.530,2.120,2.070,2.080,2.090,3.280,2.410,1.950,2.220,2.450,2.920,1.990,2.710,3.160,2.980,2.780,2.380,2.790
grassy,4.619,5.520,5.300,4.520,7.470,7.440,6.140,5.850,7.030,8.710,5.920,5.580,3.190,2.670,3.430,2.580,5.150,2.710,3.280,5.310,3.960,3.920
orange,4.619,32.930,6.450,11.300,19.300,19.780,16.530,15.650,11.410,15.710,14.920,14.720,17.390,25.120,22.040,22.890,30.970,32.570,34.470,49.930,50.140,57.460
oval,4.619,8.440,2.010,4.890,8.030,4.960,7.380,9.050,4.580,5.480,4.870,3.550,5.290,5.920,6.310,5.020,5.840,8.880,10.690,9.990,10.860,10.380
bent,4.619,57.880,39.100,45.510,59.470,58.720,61.050,61.050,54.070,63.350,70.620,63.970,53.380,50.200,53.290,41.590,41.510,38.680,38.360,46.060,41.670,33.340
alive,4.571,82.980,63.020,47.700,48.840,45.360,48.650,53.120,53.570,52.430,57.650,59.000,61.750,65.400,76.570,80.770,78.390,83.460,95.040,87.540,86.760,88.340
swift,4.571,29.480,19.480,20.640,25.370,23.580,25.860,24.910,38.270,43.330,48.320,46.360,37.120,32.520,29.820,18.910,14.900,14.710,14.970,10.080,14.470,19.150
motionless,4.571,15.200,23.630,16.260,26.440,13.000,17.480,21.180,13.800,16.790,19.250,18.570,16.030,15.120,14.820,10.010,8.170,8.190,7.810,7.840,7.290,6.320
uneven,4.571,5.190,2.720,3.500,3.100,4.170,2.240,2.660,2.690,3.670,3.780,3.550,4.200,5.090,4.820,4.810,3.950,5.060,5.390,4.740,5.200,7.190
sparkly,4.571,0.370,0.000,0.000,0.000,0.000,0.000,0.000,0.000,0.000,0.090,0.040,0.040,0.070,0.040,0.000,0.100,0.140,0.170,0.690,1.230,1.780
gleaming,4.571,12.540,5.300,9.410,15.180,9.130,10.750,10.430,10.320,11.650,12.510,10.220,8.750,11.330,11.280,10.710,9.440,10.230,10.790,11.400,11.890,9.870
glowing,4.571,20.160,26.930,27.860,35.300,29.210,21.140,21.770,23.520,18.990,18.970,19.480,18.130,12.740,11.020,10.430,10.640,9.890,13.230,15.660,16.000,16.130
miniature,4.571,10.430,10.740,8.020,7.840,7.200,7.500,11.280,6.880,6.610,9.650,6.020,8.480,8.630,7.850,7.950,9.440,9.260,8.040,11.010,10.510,11.900
white,4.571,458.010,188.500,221.130,328.520,307.630,327.690,340.900,345.890,354.580,397.910,375.270,412.250,405.590,382.270,385.500,455.450,455.790,445.840,462.720,425.370,397.540
black,4.571,340.760,119.460,179.630,246.850,183.240,223.360,207.840,201.070,199.690,242.110,262.650,248.830,266.350,261.430,236.630,304.300,362.510,351.540,433.730,432.290,384.480
silver,4.571,87.230,49.270,115.670,96.670,95.430,100.670,80.530,69.820,131.450,86.000,63.760,77.940,95.140,66.720,59.700,47.900,51.300,58.790,70.500,65.880,61.660
sheer,4.526,18.410,1.860,5.830,6.770,8.530,8.680,10.750,11.110,13.020,18.700,20.690,23.460,18.550,18.070,18.390,16.140,18.380,17.190,16.710,19.150,14.530
metal,4.524,50.320,10.170,18.090,12.530,19.650,21.080,12.030,15.550,22.030,26.800,29.650,44.080,56.340,43.470,57.780,48.900,46.450,54.470,60.390,71.970,70.010
clear,4.524,209.120,114.450,151.770,171.190,167.880,160.420,160.840,168.680,168.210,178.960,187.510,166.180,175.550,195.590,192.770,198.230,182.210,186.990,179.790,177.620,190.000
vivid,4.524,18.370,23.060,18.450,20.370,21.710,20.130,20.330,20.780,18.700,22.250,24.200,21.830,14.800,12.810,11.410,10.370,10.860,11.520,11.190,12.490,10.150
muddy,4.524,10.290,3.290,5.540,5.630,5.440,8.680,8.300,8.370,7.250,7.050,9.220,10.890,9.710,9.230,9.560,8.070,6.560,7.910,11.610,12.640,9.590
icy,4.524,12.030,6.590,9.550,11.320,13.060,9.800,10.010,9.370,11.110,8.370,8.350,8.560,9.670,9.050,9.770,8.820,8.910,10.790,10.620,14.240,12.830
flat,4.524,60.080,15.610,21.080,24.990,22.190,29.340,34.010,30.800,36.030,46.140,57.440,54.860,70.090,65.660,57.050,61.500,59.520,59.900,61.750,63.470,56.470
foamy,4.524,0.680,0.430,0.660,1.010,1.090,0.650,0.370,0.250,0.490,0.270,0.300,0.310,0.510,0.330,0.240,0.520,0.420,0.440,0.970,0.890,1.210
petite,4.524,2.110,0.430,0.800,0.250,0.850,1.480,1.380,1.990,0.730,1.820,0.780,1.010,0.760,0.690,1.570,1.300,2.050,1.570,2.230,4.450,4.910
striped,4.524,7.170,2.150,2.040,8.160,10.100,3.720,3.620,3.890,3.130,4.500,4.930,4.860,6.280,6.750,5.790,6.280,7.250,7.840,9.560,6.920,6.880
gold,4.524,147.140,78.780,144.920,142.090,138.180,164.670,141.630,131.260,172.810,154.020,142.320,152.450,171.030,112.630,96.750,101.850,141.630,97.550,98.040,100.340,85.070
curved,4.500,10.400,4.150,3.650,4.810,6.410,5.730,5.430,5.880,8.620,8.460,9.350,7.700,10.500,10.580,8.440,11.710,8.710,9.040,10.950,12.090,10.920
crooked,4.476,11.660,5.160,7.070,9.110,7.560,7.970,10.800,10.120,8.080,8.190,14.500,14.120,12.960,11.240,10.780,8.380,9.160,7.030,8.900,9.710,11.540
round,4.476,177.230,177.760,273.570,271.400,265.420,244.560,268.300,222.950,213.490,163.940,159.630,157.390,163.740,128.910,109.900,96.040,98.860,86.800,87.030,87.790,94.660
hairy,4.476,6.110,0.290,1.820,2.400,1.940,3.370,1.920,1.840,2.990,9.100,2.730,11.090,5.230,4.820,4.050,6.870,6.350,7.000,8.330,5.770,4.940
amber,4.476,8.100,2.720,2.630,5.310,3.570,4.370,4.150,4.980,4.500,4.870,3.460,11.670,3.790,3.500,3.840,3.710,3.640,4.690,11.580,13.150,21.070
pink,4.476,41.070,1.290,5.760,12.910,13.970,14.410,20.700,24.070,23.740,48.190,39.650,32.760,35.980,36.200,35.900,32.350,32.570,34.640,52.550,55.140,59.210
beige,4.476,2.600,0.000,0.070,0.000,0.120,0.120,0.110,0.000,0.050,0.000,0.170,0.390,1.080,3.250,2.060,2.470,3.780,4.690,4.980,5.890,4.570
chequered,4.474,0.380,1.860,1.600,1.460,1.390,0.350,0.160,0.350,0.290,0.140,0.130,0.190,0.610,0.220,0.140,0.030,0.170,0.100,0.060,0.030,0.030
puny,4.471,2.850,2.580,1.970,3.350,2.900,2.950,1.760,2.090,3.430,1.870,2.250,2.800,3.000,3.280,2.720,2.300,1.600,1.510,3.350,2.100,1.520
globular,4.444,1.390,1.290,1.170,1.900,2.000,0.590,1.330,0.750,0.390,1.050,0.650,1.170,1.620,0.400,0.490,1.510,1.320,0.370,1.840,1.490,2.030
boiling,4.429,13.120,4.870,20.640,10.750,11.490,13.930,9.050,28.700,7.780,10.830,11.040,10.820,10.030,10.000,10.360,9.790,8.010,10.280,11.160,10.540,8.940
deep,4.429,192.800,260.410,272.990,315.430,257.080,175.540,175.800,180.000,170.120,159.890,146.950,147.510,126.680,136.750,130.380,117.610,121.860,135.370,156.230,172.740,170.850
spilling,4.429,4.390,1.290,0.510,0.820,0.850,0.650,0.750,0.950,0.540,1.050,1.510,2.060,3.100,3.180,4.360,4.530,6.240,5.190,6.520,8.790,7.980
swinging,4.429,18.510,3.290,6.640,9.870,9.860,10.980,12.510,14.750,18.410,18.520,19.220,20.580,23.420,20.990,17.030,19.020,15.710,12.760,13.540,15.850,13.850
dark,4.429,250.560,203.250,220.480,327.070,248.610,208.190,208.850,200.880,200.130,199.520,181.750,179.570,209.650,214.420,182.270,182.060,173.260,191.780,250.620,255.130,249.990
bulky,4.429,4.540,2.440,2.480,3.290,2.420,2.480,1.810,2.240,2.300,3.090,3.980,4.050,4.330,4.850,4.290,4.150,4.540,4.560,5.370,5.080,4.120
crimson,4.429,14.840,15.180,21.520,32.830,30.660,22.730,25.390,21.230,19.090,21.340,12.640,12.060,7.800,8.250,7.710,4.670,5.790,6.130,6.090,7.010,6.710
flowery,4.429,2.770,4.300,4.520,6.260,8.280,4.840,4.100,3.940,3.280,2.230,2.080,1.670,1.440,1.200,1.220,0.960,1.180,1.140,1.210,1.460,1.520
square,4.429,83.470,43.540,65.640,50.610,53.100,60.870,62.380,56.010,70.840,88.860,84.060,84.430,82.400,84.600,80.000,68.060,62.780,69.240,64.160,75.580,72.580
hollow,4.381,25.310,30.940,36.690,44.030,31.750,25.860,27.890,23.970,29.320,22.710,27.920,23.230,17.970,17.080,16.120,14.520,14.780,14.640,17.590,17.490,17.520
high,4.381,399.470,316.990,337.240,347.630,367.560,282.580,246.640,283.350,312.480,306.130,306.800,351.860,334.200,356.860,361.740,342.140,345.170,343.400,366.580,398.970,378.280
grotesque,4.381,7.520,3.010,6.930,9.170,6.410,6.970,9.370,9.270,7.100,8.600,8.960,10.190,7.070,6.420,4.680,5.290,6.730,4.960,4.250,3.360,3.840
radiant,4.381,11.340,6.880,14.290,21.950,20.560,14.760,18.730,14.750,18.650,16.340,13.590,13.110,5.560,5.470,5.060,4.500,4.230,5.290,4.740,5.660,4.460
glistening,4.381,6.620,4.150,4.890,6.010,8.410,5.080,6.710,5.880,6.850,6.690,5.630,6.190,5.090,5.180,4.640,5.080,4.930,5.660,5.790,5.890,4.940
hazy,4.381,4.680,0.430,2.410,2.530,2.720,4.190,5.110,2.840,2.790,15.930,3.420,4.200,4.190,2.660,3.140,2.990,2.910,3.520,3.650,4.110,3.840
murky,4.381,3.350,1.720,2.260,3.800,1.940,2.660,1.920,1.690,1.520,1.500,1.820,1.980,1.950,2.150,2.020,2.950,2.910,4.420,4.680,4.970,4.150
mouldy,4.381,0.830,0.720,1.170,2.020,1.870,2.540,1.920,1.840,1.320,1.050,0.740,0.540,0.510,0.440,0.170,0.070,0.210,0.130,0.090,0.060,0.170
mottled,4.364,2.470,0.720,1.170,3.350,3.080,1.480,1.650,1.300,2.110,1.230,1.600,2.300,1.800,1.930,1.670,2.160,1.560,2.580,2.590,3.390,2.430
stormy,4.333,8.710,14.610,12.760,14.930,17.780,15.880,13.890,13.110,11.460,8.010,7.140,7.280,6.280,5.880,5.060,4.290,3.680,4.660,3.080,3.250,2.880
happy,4.333,194.770,231.190,193.420,180.810,214.080,214.510,206.940,194.500,180.010,163.260,156.300,145.450,145.920,149.930,156.550,146.210,145.960,147.400,150.470,162.890,169.720
plastic,4.333,28.600,1.430,1.170,4.810,4.780,4.310,2.660,3.790,3.330,3.280,3.720,9.920,4.040,7.740,13.610,26.100,39.470,41.440,61.750,71.190,66.230
dim,4.333,32.560,32.370,44.710,52.320,46.690,46.350,36.140,46.140,39.650,29.530,27.960,27.940,25.370,23.360,21.630,18.160,21.120,17.190,19.550,19.760,16.530
tangerine,4.333,0.590,0.000,0.000,0.000,0.000,0.000,0.050,0.000,0.050,0.090,0.000,0.040,0.400,0.290,0.630,0.820,0.490,1.000,1.060,1.720,0.960
bronze,4.333,12.720,1.720,3.280,6.200,5.320,12.220,10.110,20.130,12.090,15.650,10.430,12.220,11.370,8.030,10.430,11.710,9.120,8.880,12.130,14.100,10.300
dull,4.286,38.950,32.370,35.660,42.770,42.760,48.240,49.070,47.740,43.180,42.500,41.210,44.670,40.820,37.040,28.190,28.160,23.730,20.030,20.090,20.330,17.880
breakable,4.286,0.220,0.000,0.000,0.000,0.060,0.000,0.050,0.050,0.000,0.140,0.090,0.230,0.180,0.150,0.420,0.170,0.070,0.170,0.450,0.290,0.510
low,4.286,183.230,155.990,141.710,178.150,182.030,176.190,192.410,200.630,204.000,180.230,166.770,166.110,174.460,144.130,130.450,128.390,128.900,133.590,136.990,140.000,143.710
rusty,4.286,11.630,2.580,5.620,6.450,5.810,7.680,6.710,5.580,4.450,14.830,10.000,8.720,10.180,10.440,6.560,13.940,9.470,8.840,9.290,21.710,11.650
plain,4.286,89.130,122.180,115.090,122.350,112.600,101.440,118.480,107.590,111.570,109.290,103.750,94.820,75.680,72.960,65.490,53.290,50.540,46.830,41.360,37.680,33.540
angular,4.286,4.210,2.010,2.700,4.110,4.350,3.600,2.820,2.240,2.840,3.590,2.810,3.190,4.110,2.920,4.220,4.050,2.640,3.450,3.890,3.650,5.810
fleshy,4.286,2.520,0.430,1.970,3.420,4.540,2.240,1.380,0.800,1.080,2.370,1.950,1.320,1.620,1.310,1.710,1.960,1.840,3.050,3.080,3.100,2.510
dusty,4.286,15.850,1.580,4.300,8.100,7.620,9.680,12.510,9.070,11.900,15.430,15.320,13.190,13.680,15.550,13.610,12.910,14.980,15.710,15.900,18.720,16.590
rippled,4.250,2.620,1.720,1.240,1.390,1.570,2.480,2.550,1.590,1.860,2.280,1.820,2.220,2.060,1.900,1.710,1.920,1.600,2.910,3.410,3.300,2.820
bursting,4.238,10.380,20.630,17.210,16.830,14.390,12.990,11.760,10.510,10.280,8.550,10.300,9.340,9.460,9.010,6.840,5.730,5.550,5.260,6.300,5.740,5.440
shallow,4.238,16.790,6.730,9.990,15.630,19.170,13.930,14.740,15.100,16.990,14.920,14.110,14.010,13.500,13.650,9.560,10.030,11.070,12.460,18.190,18.900,17.120
floppy,4.238,1.300,0.000,0.000,0.000,0.000,0.000,0.000,0.050,0.000,0.140,0.170,0.780,0.510,0.510,0.980,0.960,1.490,2.510,3.350,3.100,2.140
wispy,4.211,1.110,0.000,0.000,0.000,0.000,0.000,0.050,0.000,0.000,0.180,0.040,0.230,0.360,0.910,1.010,1.240,1.630,1.710,2.170,2.640,2.090
wiry,4.190,3.880,0.570,0.580,1.390,9.070,3.250,1.920,2.090,1.520,2.960,2.680,2.720,3.250,4.200,3.490,2.990,3.300,3.150,4.160,4.880,3.860
shaggy,4.190,6.150,4.300,5.540,7.090,6.110,5.550,4.840,5.180,4.160,3.910,3.380,6.070,3.860,4.010,3.450,6.560,6.590,11.560,3.710,4.540,4.400
lithe,4.167,3.520,1.000,0.800,1.770,2.960,5.610,5.110,5.630,4.360,4.600,4.160,4.900,2.630,2.260,2.020,2.230,2.500,1.940,2.290,2.440,1.860
contoured,4.150,0.230,0.000,0.000,0.000,0.000,0.000,0.050,0.000,0.000,0.090,0.090,0.000,0.000,0.070,0.030,0.450,0.350,0.330,0.540,0.340,0.680
strange,4.143,152.920,142.670,163.730,204.280,193.210,174.590,189.640,185.930,173.890,175.680,149.420,140.580,128.410,120.880,109.450,100.270,109.580,87.270,93.240,81.270,82.500
light,4.143,404.660,400.640,434.310,548.170,437.230,371.090,395.830,383.910,394.780,371.290,325.410,341.550,326.870,325.080,301.980,294.310,278.850,270.340,341.970,321.950,322.910
puffy,4.143,2.400,0.140,0.070,0.320,0.240,0.470,0.800,0.400,0.340,1.140,1.210,1.320,2.170,1.820,1.290,1.850,2.290,2.650,5.730,4.480,4.090
absorbent,4.143,0.530,0.570,0.220,1.520,0.180,0.240,1.010,0.250,0.340,0.320,0.430,0.350,0.290,0.510,0.280,0.580,0.380,0.570,0.630,0.400,0.310
loose,4.143,56.070,37.240,37.560,41.880,34.590,38.560,38.750,38.070,40.290,47.140,55.750,55.950,52.330,53.210,52.440,52.950,52.900,49.180,49.800,49.080,46.880
unripe,4.143,0.580,0.720,0.800,0.700,1.210,0.710,0.850,1.000,0.980,0.500,0.300,0.740,0.400,0.400,0.240,0.140,0.310,0.330,0.390,0.260,0.280
drab,4.105,3.890,0.430,1.600,2.590,1.870,2.180,2.020,1.740,0.880,1.640,2.990,5.410,4.730,5.950,5.200,4.670,3.750,3.680,3.350,2.790,2.910
branching,4.100,1.810,1.150,2.480,1.770,2.900,1.650,1.380,1.890,2.350,2.910,2.080,1.560,0.900,0.770,0.870,1.300,0.800,1.780,1.330,0.860,1.830
dead,4.095,271.640,206.840,182.550,265.320,195.940,217.100,231.840,227.440,233.370,207.850,209.320,196.960,214.920,227.560,222.950,226.250,250.510,257.910,265.040,270.660,239.840
rotten,4.095,12.340,8.450,5.180,6.520,5.500,5.370,5.320,4.630,5.830,7.690,12.730,16.810,19.960,10.690,11.370,14.460,17.520,12.600,10.500,8.180,7.590
roasting,4.048,2.790,0.430,2.770,1.710,1.810,2.480,2.610,3.090,1.710,0.960,1.080,1.480,1.340,2.740,2.020,1.030,1.730,2.810,4.590,4.340,3.470
frosty,4.048,3.910,3.290,3.060,3.480,5.560,5.370,5.270,3.890,4.260,3.280,4.460,3.810,3.320,3.280,2.130,2.230,1.840,4.620,2.530,2.410,2.170
broad,4.048,72.650,70.900,94.810,116.780,100.810,95.240,80.950,79.530,89.200,78.490,67.350,59.650,57.820,51.200,48.180,46.660,45.750,48.040,40.690,42.500,40.110
lush,4.048,4.430,0.000,0.070,0.380,0.120,0.470,0.320,0.850,0.590,0.960,0.950,1.170,2.240,5.880,4.260,4.360,4.680,6.130,8.540,9.970,7.000
forked,4.048,2.370,1.580,2.920,3.670,2.420,3.250,2.290,1.200,2.010,1.870,2.290,2.060,2.060,2.230,1.740,2.270,1.630,1.210,1.900,2.270,1.130
immense,4.000,31.760,45.550,65.490,59.530,62.110,52.310,57.220,46.440,39.160,32.760,34.710,26.110,18.840,20.800,14.240,15.180,13.110,14.440,10.980,10.190,9.050
dappled,4.000,1.110,0.140,0.440,0.630,0.730,0.470,0.640,0.900,0.830,0.500,0.520,0.740,0.940,0.620,0.940,1.030,0.690,1.410,1.630,1.670,1.440
portly,4.000,2.500,0.720,2.550,7.210,3.930,3.310,3.510,2.590,2.740,2.640,1.000,1.910,2.170,1.460,1.430,1.580,1.700,2.010,1.420,1.580,1.020
brilliant,3.952,49.050,47.410,56.960,53.010,64.770,59.220,62.640,48.990,61.440,54.650,42.160,44.160,36.490,35.580,39.220,36.840,30.000,30.220,32.610,31.390,28.040
earthy,3.952,2.370,1.580,1.680,3.420,2.660,2.950,1.920,2.140,1.320,0.960,1.040,1.560,1.770,2.040,1.400,1.480,2.290,1.710,2.050,3.220,2.850
vegetal,3.909,0.210,0.000,0.000,0.000,0.000,0.000,0.050,0.200,1.130,0.230,0.170,0.000,0.110,0.000,0.100,0.030,0.170,0.270,0.150,0.290,0.340
strong,3.905,212.070,214.000,225.220,253.110,246.430,247.810,229.560,271.940,258.780,224.000,185.730,176.730,145.230,165.110,149.710,147.650,147.630,154.870,136.870,135.920,139.170
oily,3.905,3.560,0.720,1.680,2.340,2.360,3.190,1.440,1.790,1.660,2.680,2.600,3.190,4.010,3.320,2.860,3.190,3.300,2.380,4.460,4.820,3.530
rotund,3.900,0.900,0.000,0.150,1.140,1.630,0.590,0.430,0.400,0.490,0.910,0.480,1.010,1.010,1.280,0.630,1.060,0.830,0.800,0.510,0.630,0.680
tarry,3.882,2.410,4.870,5.830,6.900,4.660,4.010,4.150,4.190,3.570,2.640,1.560,1.870,0.690,2.340,1.010,0.620,0.620,0.800,0.450,0.630,0.650
slick,3.810,7.580,0.000,3.500,2.660,0.970,1.120,1.120,2.090,1.220,3.090,4.330,3.580,5.340,7.150,6.840,6.390,7.150,9.250,12.850,15.190,12.270
soapy,3.810,1.550,0.000,0.000,0.000,0.180,0.300,0.900,0.250,0.200,1.460,0.950,0.780,6.240,1.860,1.670,1.200,1.040,0.940,1.420,1.750,1.350
charred,3.684,3.410,0.430,0.880,1.010,1.270,2.420,1.810,2.290,3.520,2.230,2.810,4.050,2.710,2.700,2.790,2.540,2.880,3.720,3.650,4.160,4.400
searing,3.667,1.640,0.430,0.070,0.380,0.120,0.120,0.110,0.150,0.200,0.360,0.390,0.700,1.260,1.570,1.290,1.580,1.940,3.150,2.410,3.190,2.910
weak,3.667,57.940,74.770,53.680,59.090,69.000,79.120,75.260,69.320,63.790,60.740,53.110,47.470,44.070,41.640,40.120,39.390,36.940,42.280,39.040,35.950,38.610
fuzzy,3.667,3.680,0.000,0.000,0.060,0.060,1.240,0.320,0.450,0.340,0.550,3.160,1.710,1.910,2.590,2.900,3.400,3.260,5.390,7.090,8.130,6.740
sodden,3.667,2.340,0.290,0.220,0.630,0.360,0.830,1.760,1.790,1.170,2.680,2.160,2.490,3.000,2.960,2.970,1.480,1.980,2.210,2.230,2.640,1.860
slushy,3.571,0.360,0.000,0.000,0.060,0.000,0.120,0.050,0.200,0.100,0.180,0.260,0.540,0.250,0.400,0.350,0.340,0.450,0.200,0.330,0.520,0.680
craggy,3.467,1.360,2.440,1.970,2.280,2.120,1.540,0.530,0.650,0.730,0.550,0.300,0.390,0.540,0.660,1.190,0.820,1.110,1.710,1.390,2.130,1.350
dank,3.467,2.190,2.860,1.310,1.330,1.150,1.300,1.330,1.050,0.780,0.960,1.340,1.790,1.950,2.410,2.340,1.750,1.600,2.340,3.020,2.960,2.000
tapering,3.400,1.860,0.140,2.770,4.050,3.750,1.770,1.380,1.100,1.270,2.320,2.080,1.630,2.130,1.310,1.710,1.480,1.490,1.140,0.720,0.830,0.710
downy,3.333,1.630,2.010,2.330,4.050,3.330,1.770,2.400,2.240,1.320,2.230,1.000,1.170,0.900,0.770,0.520,0.820,0.730,0.900,0.900,1.290,1.070
medicinal,3.200,1.710,2.440,1.530,1.960,1.690,1.060,1.280,1.200,2.450,1.140,0.870,1.750,1.050,0.950,0.770,1.170,0.730,1.570,2.710,1.610,1.810
muggy,3.176,0.650,0.000,0.070,0.000,0.240,0.180,0.210,0.150,0.200,0.050,0.220,0.430,0.610,0.620,0.590,0.760,0.590,0.870,1.060,1.230,0.960
stagnant,3.150,2.780,3.580,3.210,4.300,3.750,3.480,2.610,2.640,2.200,1.590,1.430,2.180,1.980,2.040,1.880,1.850,2.570,2.550,2.350,1.870,2.400
mellow,3.143,5.800,4.440,9.040,9.810,8.770,6.790,9.790,8.320,6.070,4.870,5.190,6.460,5.770,4.310,3.420,1.960,2.250,3.450,2.560,3.760,2.680
wizened,3.100,1.120,0.000,0.000,0.000,0.120,0.180,0.640,0.400,0.780,1.140,0.820,1.400,1.440,1.420,1.360,1.170,1.010,0.700,1.450,1.120,1.210
breezy,3.000,2.610,0.290,1.240,2.150,2.180,3.420,3.780,3.890,2.250,1.960,1.860,1.090,5.270,2.230,1.400,1.990,1.490,1.340,2.080,2.350,1.750
faint,2.762,46.170,58.300,45.290,58.080,54.310,51.250,54.980,57.960,46.460,52.650,45.620,47.510,46.560,41.130,30.180,29.870,26.670,24.890,25.910,27.220,26.430
lilting,2.545,0.760,0.000,0.070,0.000,0.060,0.000,0.160,0.250,0.290,0.180,0.560,0.580,0.470,0.840,0.630,0.690,0.830,1.070,1.390,1.260,1.070
insipid,1.714,1.310,2.580,3.500,2.780,1.630,2.600,1.600,2.340,1.080,1.140,0.520,0.930,0.790,0.770,0.560,0.790,0.730,0.600,0.510,0.750,0.730